time,city,pressure,temperature,description
2019-01-10 09:01:02.369000,Hendon,1031,274.05,haze
2019-01-10 09:01:04.448000,Hendon,1031,274.05,haze
2019-01-10 09:01:06.509000,Hendon,1031,274.05,haze
2019-01-10 09:01:08.572000,Hendon,1031,274.05,haze
2019-01-10 09:01:10.696000,Hendon,1031,274.05,haze
2019-01-10 09:01:12.819000,Hendon,1031,274.05,haze
2019-01-10 09:01:14.890000,Hendon,1031,274.05,haze
2019-01-10 09:01:16.973000,Hendon,1031,274.05,haze
2019-01-10 09:01:19.049000,Hendon,1031,274.05,haze
2019-01-10 09:01:21.116000,Hendon,1031,274.05,haze
2019-01-10 09:01:23.180000,Hendon,1031,274.05,haze
2019-01-10 09:01:25.530000,Hendon,1031,274.05,haze
2019-01-10 09:01:27.954000,Hendon,1031,274.05,haze
2019-01-10 09:01:30.017000,Hendon,1031,274.05,haze
2019-01-10 09:01:32.083000,Hendon,1031,274.05,haze
2019-01-10 09:01:34.143000,Hendon,1031,274.05,haze
2019-01-10 09:01:36.206000,Hendon,1031,274.05,haze
2019-01-10 09:01:38.322000,Hendon,1031,274.05,haze
2019-01-10 09:01:40.397000,Hendon,1031,274.05,haze
2019-01-10 09:01:42.541000,Hendon,1031,274.05,haze
2019-01-10 09:01:44.663000,Hendon,1031,274.05,haze
2019-01-10 09:01:46.731000,Hendon,1031,274.05,haze
2019-01-10 09:01:48.797000,Hendon,1031,274.05,haze
2019-01-10 09:01:50.858000,Hendon,1031,274.05,haze
2019-01-10 09:01:52.927000,Hendon,1031,274.05,haze
2019-01-10 09:01:55.121000,Hendon,1031,274.05,haze
2019-01-10 09:01:57.190000,Hendon,1031,274.05,haze
2019-01-10 09:01:59.258000,Hendon,1031,274.05,haze
2019-01-10 09:02:01.337000,Hendon,1031,274.05,haze
2019-01-10 09:02:03.401000,Hendon,1031,274.05,haze
2019-01-10 09:02:05.465000,Hendon,1031,274.05,haze
2019-01-10 09:02:07.649000,Hendon,1031,274.05,haze
2019-01-10 09:02:09.942000,Hendon,1031,274.05,haze
2019-01-10 09:02:12.010000,Hendon,1031,274.05,haze
2019-01-10 09:02:14.080000,Hendon,1031,274.05,haze
2019-01-10 09:02:16.148000,Hendon,1031,274.05,haze
2019-01-10 09:02:18.223000,Hendon,1031,274.05,haze
2019-01-10 09:02:20.290000,Hendon,1031,274.05,haze
2019-01-10 09:02:22.568000,Hendon,1031,274.05,haze
2019-01-10 09:02:25.003000,Hendon,1031,274.05,haze
2019-01-10 09:02:27.071000,Hendon,1031,274.05,haze
2019-01-10 09:02:29.141000,Hendon,1031,274.05,haze
2019-01-10 09:02:31.221000,Hendon,1031,274.05,haze
2019-01-10 09:02:33.297000,Hendon,1031,274.05,haze
2019-01-10 09:02:35.366000,Hendon,1031,274.05,haze
2019-01-10 09:02:37.516000,Hendon,1031,274.05,haze
2019-01-10 09:02:39.588000,Hendon,1031,274.05,haze
2019-01-10 09:02:41.657000,Hendon,1031,274.05,haze
2019-01-10 09:02:43.725000,Hendon,1031,274.05,haze
2019-01-10 09:02:45.798000,Hendon,1031,274.05,haze
2019-01-10 09:02:47.868000,Hendon,1031,274.05,haze
2019-01-10 09:02:49.935000,Hendon,1031,274.05,haze
2019-01-10 09:02:52.234000,Hendon,1031,274.05,haze
2019-01-10 09:02:54.302000,Hendon,1031,274.05,haze
2019-01-10 09:02:56.359000,Hendon,1031,274.05,haze
2019-01-10 09:02:58.419000,Hendon,1031,274.05,haze
2019-01-10 09:03:00.499000,Hendon,1031,274.05,haze
2019-01-10 09:03:02.571000,Hendon,1031,274.05,haze
2019-01-10 09:03:04.698000,Hendon,1031,274.05,haze
2019-01-10 09:03:06.910000,Hendon,1031,274.05,haze
2019-01-10 09:03:08.983000,Hendon,1031,274.05,haze
2019-01-10 09:03:11.052000,Hendon,1031,274.05,haze
2019-01-10 09:03:13.116000,Hendon,1031,274.05,haze
2019-01-10 09:03:15.188000,Hendon,1031,274.05,haze
2019-01-10 09:03:17.256000,Hendon,1031,274.05,haze
2019-01-10 09:03:19.434000,Hendon,1031,274.05,haze
2019-01-10 09:03:21.728000,Hendon,1031,274.05,haze
2019-01-10 09:03:23.806000,Hendon,1031,274.05,haze
2019-01-10 09:03:25.873000,Hendon,1031,274.05,haze
2019-01-10 09:03:27.942000,Hendon,1031,274.05,haze
2019-01-10 09:03:30.014000,Hendon,1031,274.05,haze
2019-01-10 09:03:32.094000,Hendon,1031,274.05,haze
2019-01-10 09:03:34.163000,Hendon,1031,274.05,haze
2019-01-10 09:03:36.294000,Hendon,1031,274.05,haze
2019-01-10 09:03:38.363000,Hendon,1031,274.05,haze
2019-01-10 09:03:40.434000,Hendon,1031,274.05,haze
2019-01-10 09:03:42.503000,Hendon,1031,274.05,haze
2019-01-10 09:03:44.573000,Hendon,1031,274.05,haze
2019-01-10 09:03:46.648000,Hendon,1031,274.05,haze
2019-01-10 09:03:48.890000,Hendon,1031,274.05,haze
2019-01-10 09:03:51.299000,Hendon,1031,274.05,haze
2019-01-10 09:03:53.374000,Hendon,1031,274.05,haze
2019-01-10 09:03:55.447000,Hendon,1031,274.05,haze
2019-01-10 09:03:57.527000,Hendon,1031,274.05,haze
2019-01-10 09:03:59.593000,Hendon,1031,274.05,haze
2019-01-10 09:04:01.670000,Hendon,1031,274.05,haze
2019-01-10 09:04:03.743000,Hendon,1031,274.05,haze
2019-01-10 09:04:05.913000,Hendon,1031,274.05,haze
2019-01-10 09:04:07.987000,Hendon,1031,274.05,haze
2019-01-10 09:04:10.056000,Hendon,1031,274.05,haze
2019-01-10 09:04:12.130000,Hendon,1031,274.05,haze
2019-01-10 09:04:14.204000,Hendon,1031,274.05,haze
2019-01-10 09:04:16.557000,Hendon,1031,274.05,haze
2019-01-10 09:04:18.670000,Hendon,1031,274.05,haze
2019-01-10 09:04:20.747000,Hendon,1031,274.05,haze
2019-01-10 09:04:22.823000,Hendon,1031,274.05,haze
2019-01-10 09:04:24.899000,Hendon,1031,274.05,haze
2019-01-10 09:04:26.976000,Hendon,1031,274.05,haze
2019-01-10 09:04:29.042000,Hendon,1031,274.05,haze
2019-01-10 09:04:31.371000,Hendon,1031,274.05,haze
2019-01-10 09:04:33.436000,Hendon,1031,274.05,haze
2019-01-10 09:04:35.503000,Hendon,1031,274.05,haze
2019-01-10 09:04:37.572000,Hendon,1031,274.05,haze
2019-01-10 09:04:39.647000,Hendon,1031,274.05,haze
2019-01-10 09:04:41.718000,Hendon,1031,274.05,haze
2019-01-10 09:04:43.789000,Hendon,1031,274.05,haze
2019-01-10 09:04:45.912000,Hendon,1031,274.05,haze
2019-01-10 09:04:48.097000,Hendon,1031,274.05,haze
2019-01-10 09:04:50.170000,Hendon,1031,274.05,haze
2019-01-10 09:04:52.241000,Hendon,1031,274.05,haze
2019-01-10 09:04:54.322000,Hendon,1031,274.05,haze
2019-01-10 09:04:56.390000,Hendon,1031,274.05,haze
2019-01-10 09:04:58.463000,Hendon,1031,274.05,haze
2019-01-10 09:05:00.754000,Hendon,1031,274.05,haze
2019-01-10 09:05:03.073000,Hendon,1031,274.05,haze
2019-01-10 09:05:05.155000,Hendon,1031,274.05,haze
2019-01-10 09:05:07.229000,Hendon,1031,274.05,haze
2019-01-10 09:05:09.309000,Hendon,1031,274.05,haze
2019-01-10 09:05:11.389000,Hendon,1031,274.05,haze
2019-01-10 09:05:13.716000,Hendon,1031,274.05,haze
2019-01-10 09:05:15.915000,Hendon,1031,274.05,haze
2019-01-10 09:05:18.010000,Hendon,1031,274.05,haze
2019-01-10 09:05:20.076000,Hendon,1031,274.05,haze
2019-01-10 09:06:22.467000,Hendon,1031,273.88,mist
2019-01-10 09:06:24.541000,Hendon,1031,273.88,mist
2019-01-10 09:06:26.813000,Hendon,1031,273.88,mist
2019-01-10 09:06:28.890000,Hendon,1031,273.88,mist
2019-01-10 09:06:30.966000,Hendon,1031,273.88,mist
2019-01-10 09:06:33.041000,Hendon,1031,273.88,mist
2019-01-10 09:06:35.112000,Hendon,1031,273.88,mist
2019-01-10 09:06:37.184000,Hendon,1031,273.88,mist
2019-01-10 09:06:39.329000,Hendon,1031,273.88,mist
2019-01-10 09:06:41.439000,Hendon,1031,273.88,mist
2019-01-10 09:06:43.515000,Hendon,1031,273.88,mist
2019-01-10 09:06:45.589000,Hendon,1031,273.88,mist
2019-01-10 09:06:47.658000,Hendon,1031,273.88,mist
2019-01-10 09:06:49.818000,Hendon,1031,273.88,mist
2019-01-10 09:06:51.894000,Hendon,1031,273.88,mist
2019-01-10 09:06:54.421000,Hendon,1031,273.88,mist
2019-01-10 09:06:56.594000,Hendon,1031,273.88,mist
2019-01-10 09:06:58.699000,Hendon,1031,273.88,mist
2019-01-10 09:07:00.782000,Hendon,1031,273.88,mist
2019-01-10 09:07:02.860000,Hendon,1031,273.88,mist
2019-01-10 09:07:04.930000,Hendon,1031,273.88,mist
2019-01-10 09:07:07.005000,Hendon,1031,273.88,mist
2019-01-10 09:07:09.078000,Hendon,1031,273.88,mist
2019-01-10 09:07:11.244000,Hendon,1031,273.88,mist
2019-01-10 09:07:13.323000,Hendon,1031,273.88,mist
2019-01-10 09:07:15.392000,Hendon,1031,273.88,mist
2019-01-10 09:07:17.454000,Hendon,1031,273.88,mist
2019-01-10 09:07:19.532000,Hendon,1031,273.88,mist
2019-01-10 09:07:21.609000,Hendon,1031,273.88,mist
2019-01-10 09:07:23.737000,Hendon,1031,273.88,mist
2019-01-10 09:07:25.869000,Hendon,1031,273.88,mist
2019-01-10 09:07:27.938000,Hendon,1031,273.88,mist
2019-01-10 09:07:30.013000,Hendon,1031,273.88,mist
2019-01-10 09:07:32.095000,Hendon,1031,273.88,mist
2019-01-10 09:07:34.164000,Hendon,1031,273.88,mist
2019-01-10 09:07:36.572000,Hendon,1031,273.88,mist
2019-01-10 09:07:38.763000,Hendon,1031,273.88,mist
2019-01-10 09:07:40.849000,Hendon,1031,273.88,mist
2019-01-10 09:07:42.914000,Hendon,1031,273.88,mist
2019-01-10 09:07:44.987000,Hendon,1031,273.88,mist
2019-01-10 09:07:47.057000,Hendon,1031,273.88,mist
2019-01-10 09:07:49.124000,Hendon,1031,273.88,mist
2019-01-10 09:07:51.689000,Hendon,1031,273.88,mist
2019-01-10 09:07:53.821000,Hendon,1031,273.88,mist
2019-01-10 09:07:55.887000,Hendon,1031,273.88,mist
2019-01-10 09:07:57.960000,Hendon,1031,273.88,mist
2019-01-10 09:08:00.032000,Hendon,1031,273.88,mist
2019-01-10 09:08:02.099000,Hendon,1031,273.88,mist
2019-01-10 09:08:04.171000,Hendon,1031,273.88,mist
2019-01-10 09:08:06.438000,Hendon,1031,273.88,mist
2019-01-10 09:08:08.611000,Hendon,1031,273.88,mist
2019-01-10 09:08:10.675000,Hendon,1031,273.88,mist
2019-01-10 09:08:12.734000,Hendon,1031,273.88,mist
2019-01-10 09:08:14.803000,Hendon,1031,273.88,mist
2019-01-10 09:08:16.874000,Hendon,1031,273.88,mist
2019-01-10 09:08:18.946000,Hendon,1031,273.88,mist
2019-01-10 09:08:21.184000,Hendon,1031,273.88,mist
2019-01-10 09:08:23.259000,Hendon,1031,273.88,mist
2019-01-10 09:08:25.328000,Hendon,1031,273.88,mist
2019-01-10 09:08:27.403000,Hendon,1031,273.88,mist
2019-01-10 09:08:29.478000,Hendon,1031,273.88,mist
2019-01-10 09:08:31.549000,Hendon,1031,273.88,mist
2019-01-10 09:08:33.916000,Hendon,1031,273.88,mist
2019-01-10 09:08:36.158000,Hendon,1031,273.88,mist
2019-01-10 09:08:38.229000,Hendon,1031,273.88,mist
2019-01-10 09:08:40.298000,Hendon,1031,273.88,mist
2019-01-10 09:08:42.379000,Hendon,1031,273.88,mist
2019-01-10 09:08:44.463000,Hendon,1031,273.88,mist
2019-01-10 09:08:46.537000,Hendon,1031,273.88,mist
2019-01-10 09:08:48.632000,Hendon,1031,273.88,mist
2019-01-10 09:08:50.794000,Hendon,1031,273.88,mist
2019-01-10 09:08:52.873000,Hendon,1031,273.88,mist
2019-01-10 09:08:54.951000,Hendon,1031,273.88,mist
2019-01-10 09:08:57.032000,Hendon,1031,273.88,mist
2019-01-10 09:08:59.108000,Hendon,1031,273.88,mist
2019-01-10 09:09:01.181000,Hendon,1031,273.88,mist
2019-01-10 09:09:03.472000,Hendon,1031,273.88,mist
2019-01-10 09:09:05.770000,Hendon,1031,273.88,mist
2019-01-10 09:09:07.844000,Hendon,1031,273.88,mist
2019-01-10 09:09:09.915000,Hendon,1031,273.88,mist
2019-01-10 09:09:11.985000,Hendon,1031,273.88,mist
2019-01-10 09:09:14.059000,Hendon,1031,273.88,mist
2019-01-10 09:09:16.197000,Hendon,1031,273.88,mist
2019-01-10 09:09:18.326000,Hendon,1031,273.88,mist
2019-01-10 09:09:20.430000,Hendon,1031,273.88,mist
2019-01-10 09:09:22.518000,Hendon,1031,273.88,mist
2019-01-10 09:09:24.592000,Hendon,1031,273.88,mist
2019-01-10 09:09:26.662000,Hendon,1031,273.88,mist
2019-01-10 09:09:28.727000,Hendon,1031,273.88,mist
2019-01-10 09:09:30.806000,Hendon,1031,273.88,mist
2019-01-10 09:09:32.987000,Hendon,1031,273.88,mist
2019-01-10 09:09:35.054000,Hendon,1031,273.88,mist
2019-01-10 09:09:37.131000,Hendon,1031,273.88,mist
2019-01-10 09:09:39.205000,Hendon,1031,273.88,mist
2019-01-10 09:09:41.277000,Hendon,1031,273.88,mist
2019-01-10 09:09:43.353000,Hendon,1031,273.88,mist
2019-01-10 09:09:45.644000,Hendon,1031,273.88,mist
2019-01-10 09:09:47.837000,Hendon,1031,273.88,mist
2019-01-10 09:09:49.904000,Hendon,1031,273.88,mist
2019-01-10 09:09:51.971000,Hendon,1031,273.88,mist
2019-01-10 09:09:54.043000,Hendon,1031,273.88,mist
2019-01-10 09:09:56.112000,Hendon,1031,273.88,mist
2019-01-10 09:09:59.241000,Hendon,1031,273.88,mist
2019-01-10 09:10:01.428000,Hendon,1031,273.88,mist
2019-01-10 09:10:03.512000,Hendon,1031,273.88,mist
2019-01-10 09:10:05.584000,Hendon,1031,273.88,mist
2019-01-10 09:10:07.778000,Hendon,1031,273.88,mist
2019-01-10 09:10:09.848000,Hendon,1031,273.88,mist
2019-01-10 09:10:11.922000,Hendon,1031,273.88,mist
2019-01-10 09:10:14.110000,Hendon,1031,273.88,mist
2019-01-10 09:10:16.280000,Hendon,1031,273.88,mist
2019-01-10 09:10:18.350000,Hendon,1031,273.88,mist
2019-01-10 09:10:20.422000,Hendon,1031,273.88,mist
2019-01-10 09:10:22.492000,Hendon,1031,273.88,mist
2019-01-10 09:10:24.557000,Hendon,1031,273.88,mist
2019-01-10 09:10:26.629000,Hendon,1031,273.88,mist
2019-01-10 09:10:28.882000,Hendon,1031,273.88,mist
2019-01-10 09:10:31.031000,Hendon,1031,273.88,mist
2019-01-10 09:10:33.100000,Hendon,1031,273.88,mist
2019-01-10 09:10:35.178000,Hendon,1031,273.88,mist
2019-01-10 09:10:37.258000,Hendon,1031,273.88,mist
2019-01-10 09:10:39.327000,Hendon,1031,273.88,mist
2019-01-10 09:10:41.401000,Hendon,1031,273.88,mist
2019-01-10 09:10:43.703000,Hendon,1031,273.88,mist
2019-01-10 09:10:45.886000,Hendon,1031,273.88,mist
2019-01-10 09:10:47.959000,Hendon,1031,273.88,mist
2019-01-10 09:10:50.036000,Hendon,1031,273.88,mist
2019-01-10 09:10:52.119000,Hendon,1031,273.88,mist
2019-01-10 09:10:54.193000,Hendon,1031,273.88,mist
2019-01-10 09:10:56.280000,Hendon,1031,273.88,mist
2019-01-10 09:10:58.452000,Hendon,1031,273.88,mist
2019-01-10 09:11:00.528000,Hendon,1031,273.88,mist
2019-01-10 09:11:02.597000,Hendon,1031,273.88,mist
2019-01-10 09:11:04.723000,Hendon,1031,273.88,mist
2019-01-10 09:11:06.786000,Hendon,1031,273.88,mist
2019-01-10 09:11:08.858000,Hendon,1031,273.88,mist
2019-01-10 09:11:10.961000,Hendon,1031,273.88,mist
2019-01-10 09:11:13.094000,Hendon,1031,273.88,mist
2019-01-10 09:11:15.166000,Hendon,1031,273.88,mist
2019-01-10 09:11:17.244000,Hendon,1031,273.88,mist
2019-01-10 09:11:19.322000,Hendon,1031,273.88,mist
2019-01-10 09:11:21.401000,Hendon,1031,273.88,mist
2019-01-10 09:11:23.478000,Hendon,1031,273.88,mist
2019-01-10 09:11:25.764000,Hendon,1031,273.88,mist
2019-01-10 09:11:27.989000,Hendon,1031,273.88,mist
2019-01-10 09:11:30.067000,Hendon,1031,273.88,mist
2019-01-10 09:11:32.142000,Hendon,1031,273.88,mist
2019-01-10 09:11:34.221000,Hendon,1031,273.88,mist
2019-01-10 09:11:36.298000,Hendon,1031,273.88,mist
2019-01-10 09:11:38.376000,Hendon,1031,273.88,mist
2019-01-10 09:11:40.640000,Hendon,1031,273.88,mist
2019-01-10 09:11:42.843000,Hendon,1031,273.88,mist
2019-01-10 09:11:44.920000,Hendon,1031,273.88,mist
2019-01-10 09:11:47.056000,Hendon,1031,273.88,mist
2019-01-10 09:11:49.135000,Hendon,1031,273.88,mist
2019-01-10 09:11:51.213000,Hendon,1031,273.88,mist
2019-01-10 09:11:53.515000,Hendon,1031,273.88,mist
2019-01-10 09:11:55.693000,Hendon,1031,273.88,mist
2019-01-10 09:11:57.762000,Hendon,1031,273.88,mist
2019-01-10 09:11:59.829000,Hendon,1031,273.88,mist
2019-01-10 09:12:01.922000,Hendon,1031,273.88,mist
2019-01-10 09:12:03.995000,Hendon,1031,273.88,mist
2019-01-10 09:12:06.074000,Hendon,1031,273.88,mist
2019-01-10 09:12:08.192000,Hendon,1031,273.88,mist
2019-01-10 09:12:10.388000,Hendon,1031,273.88,mist
2019-01-10 09:12:12.464000,Hendon,1031,273.88,mist
2019-01-10 09:12:14.536000,Hendon,1031,273.88,mist
2019-01-10 09:12:16.613000,Hendon,1031,273.88,mist
2019-01-10 09:12:18.688000,Hendon,1031,273.88,mist
2019-01-10 09:12:20.770000,Hendon,1031,273.88,mist
2019-01-10 09:12:23.060000,Hendon,1031,273.88,mist
2019-01-10 09:12:25.211000,Hendon,1031,273.88,mist
2019-01-10 09:12:27.290000,Hendon,1031,273.88,mist
2019-01-10 09:12:29.370000,Hendon,1031,273.88,mist
2019-01-10 09:12:31.448000,Hendon,1031,273.88,mist
2019-01-10 09:12:33.522000,Hendon,1031,273.88,mist
2019-01-10 09:12:35.596000,Hendon,1031,273.88,mist
2019-01-10 09:12:37.825000,Hendon,1031,273.88,mist
2019-01-10 09:12:39.978000,Hendon,1031,273.88,mist
2019-01-10 09:12:42.052000,Hendon,1031,273.88,mist
2019-01-10 09:12:44.125000,Hendon,1031,273.88,mist
2019-01-10 09:12:46.196000,Hendon,1031,273.88,mist
2019-01-10 09:12:48.270000,Hendon,1031,273.88,mist
2019-01-10 09:12:50.347000,Hendon,1031,273.88,mist
2019-01-10 09:12:52.451000,Hendon,1031,273.88,mist
2019-01-10 09:12:54.600000,Hendon,1031,273.88,mist
2019-01-10 09:12:56.683000,Hendon,1031,273.88,mist
2019-01-10 09:12:58.758000,Hendon,1031,273.88,mist
2019-01-10 09:13:00.834000,Hendon,1031,273.88,mist
2019-01-10 09:13:02.901000,Hendon,1031,273.88,mist
2019-01-10 09:13:05.191000,Hendon,1031,273.88,mist
2019-01-10 09:13:07.405000,Hendon,1031,273.88,mist
2019-01-10 09:13:09.493000,Hendon,1031,273.88,mist
2019-01-10 09:13:11.579000,Hendon,1031,273.88,mist
2019-01-10 09:13:13.658000,Hendon,1031,273.88,mist
2019-01-10 09:13:15.731000,Hendon,1031,273.88,mist
2019-01-10 09:13:17.814000,Hendon,1031,273.88,mist
2019-01-10 09:13:20.106000,Hendon,1031,273.88,mist
2019-01-10 09:13:22.248000,Hendon,1031,273.88,mist
2019-01-10 09:13:24.324000,Hendon,1031,273.88,mist
2019-01-10 09:13:26.401000,Hendon,1031,273.88,mist
2019-01-10 09:13:28.495000,Hendon,1031,273.88,mist
2019-01-10 09:13:30.568000,Hendon,1031,273.88,mist
2019-01-10 09:13:32.647000,Hendon,1031,273.88,mist
2019-01-10 09:13:34.861000,Hendon,1031,273.88,mist
2019-01-10 09:13:37.015000,Hendon,1031,273.88,mist
2019-01-10 09:13:39.094000,Hendon,1031,273.88,mist
2019-01-10 09:13:41.168000,Hendon,1031,273.88,mist
2019-01-10 09:13:43.297000,Hendon,1031,273.88,mist
2019-01-10 09:13:45.373000,Hendon,1031,273.88,mist
2019-01-10 09:13:47.650000,Hendon,1031,273.88,mist
2019-01-10 09:13:49.778000,Hendon,1031,273.88,mist
2019-01-10 09:13:51.845000,Hendon,1031,273.88,mist
2019-01-10 09:13:53.922000,Hendon,1031,273.88,mist
2019-01-10 09:13:56,Hendon,1031,273.88,mist
2019-01-10 09:13:58.071000,Hendon,1031,273.88,mist
2019-01-10 09:14:00.150000,Hendon,1031,273.88,mist
2019-01-10 09:14:02.506000,Hendon,1031,273.88,mist
2019-01-10 09:14:04.637000,Hendon,1031,273.88,mist
2019-01-10 09:14:06.716000,Hendon,1031,273.88,mist
2019-01-10 09:14:08.795000,Hendon,1031,273.88,mist
2019-01-10 09:14:10.871000,Hendon,1031,273.88,mist
2019-01-10 09:14:12.986000,Hendon,1031,273.88,mist
2019-01-10 09:14:15.063000,Hendon,1031,273.88,mist
2019-01-10 09:14:17.137000,Hendon,1031,273.88,mist
2019-01-10 09:14:19.236000,Hendon,1031,273.88,mist
2019-01-10 09:14:21.313000,Hendon,1031,273.88,mist
2019-01-10 09:14:23.385000,Hendon,1031,273.88,mist
2019-01-10 09:14:25.463000,Hendon,1031,273.88,mist
2019-01-10 09:14:27.543000,Hendon,1031,273.88,mist
2019-01-10 09:14:29.617000,Hendon,1031,273.88,mist
2019-01-10 09:14:31.879000,Hendon,1031,273.88,mist
2019-01-10 09:14:33.959000,Hendon,1031,273.88,mist
2019-01-10 09:14:36.035000,Hendon,1031,273.88,mist
2019-01-10 09:14:38.105000,Hendon,1031,273.88,mist
2019-01-10 09:14:40.171000,Hendon,1031,273.88,mist
2019-01-10 09:14:42.248000,Hendon,1031,273.88,mist
2019-01-10 09:14:44.327000,Hendon,1031,273.88,mist
2019-01-10 09:14:46.423000,Hendon,1031,273.88,mist
2019-01-10 09:14:48.605000,Hendon,1031,273.88,mist
2019-01-10 09:14:50.686000,Hendon,1031,273.88,mist
2019-01-10 09:14:52.760000,Hendon,1031,273.88,mist
2019-01-10 09:14:54.837000,Hendon,1031,273.88,mist
2019-01-10 09:14:56.919000,Hendon,1031,273.88,mist
2019-01-10 09:14:58.997000,Hendon,1031,273.88,mist
2019-01-10 09:15:01.080000,Hendon,1031,273.88,mist
2019-01-10 09:15:03.218000,Hendon,1031,273.88,mist
2019-01-10 09:15:05.294000,Hendon,1031,273.88,mist
2019-01-10 09:15:07.371000,Hendon,1031,273.88,mist
2019-01-10 09:15:09.447000,Hendon,1031,273.88,mist
2019-01-10 09:15:11.517000,Hendon,1031,273.88,mist
2019-01-10 09:15:13.846000,Hendon,1031,273.88,mist
2019-01-10 09:15:16.016000,Hendon,1031,273.88,mist
2019-01-10 09:15:18.091000,Hendon,1031,273.88,mist
2019-01-10 09:15:20.177000,Hendon,1031,273.88,mist
2019-01-10 09:15:22.266000,Hendon,1031,273.88,mist
2019-01-10 09:15:24.342000,Hendon,1031,273.88,mist
2019-01-10 09:15:26.410000,Hendon,1031,273.88,mist
2019-01-10 09:15:28.872000,Hendon,1031,273.88,mist
2019-01-10 09:15:31.091000,Hendon,1031,273.88,mist
2019-01-10 09:15:33.169000,Hendon,1031,273.88,mist
2019-01-10 09:15:35.251000,Hendon,1031,273.88,mist
2019-01-10 09:15:37.334000,Hendon,1031,273.88,mist
2019-01-10 09:15:39.411000,Hendon,1031,273.88,mist
2019-01-10 09:15:41.502000,Hendon,1031,273.88,mist
2019-01-10 09:15:43.579000,Hendon,1031,273.88,mist
2019-01-10 09:15:45.737000,Hendon,1031,273.88,mist
2019-01-10 09:15:47.811000,Hendon,1031,273.88,mist
2019-01-10 09:15:49.885000,Hendon,1031,273.88,mist
2019-01-10 09:15:51.959000,Hendon,1031,273.88,mist
2019-01-10 09:15:54.032000,Hendon,1031,273.88,mist
2019-01-10 09:15:56.101000,Hendon,1031,273.88,mist
2019-01-10 09:15:58.385000,Hendon,1031,273.88,mist
2019-01-10 09:16:00.681000,Hendon,1031,273.88,mist
2019-01-10 09:16:02.754000,Hendon,1031,273.88,mist
2019-01-10 09:16:04.835000,Hendon,1031,273.88,mist
2019-01-10 09:16:06.912000,Hendon,1031,273.88,mist
2019-01-10 09:16:08.991000,Hendon,1031,273.88,mist
2019-01-10 09:16:11.115000,Hendon,1031,273.88,mist
2019-01-10 09:16:13.361000,Hendon,1031,273.88,mist
2019-01-10 09:16:15.437000,Hendon,1031,273.88,mist
2019-01-10 09:16:17.516000,Hendon,1031,273.88,mist
2019-01-10 09:16:19.592000,Hendon,1031,273.88,mist
2019-01-10 09:16:21.667000,Hendon,1031,273.88,mist
2019-01-10 09:16:23.741000,Hendon,1031,273.88,mist
2019-01-10 09:16:25.939000,Hendon,1031,273.88,mist
2019-01-10 09:16:28.133000,Hendon,1031,273.88,mist
2019-01-10 09:16:30.202000,Hendon,1031,273.88,mist
2019-01-10 09:16:32.270000,Hendon,1031,273.88,mist
2019-01-10 09:16:34.354000,Hendon,1031,273.88,mist
2019-01-10 09:16:36.432000,Hendon,1031,273.88,mist
2019-01-10 09:16:38.514000,Hendon,1031,273.88,mist
2019-01-10 09:16:40.791000,Hendon,1031,273.88,mist
2019-01-10 09:16:42.943000,Hendon,1031,273.88,mist
2019-01-10 09:16:45.016000,Hendon,1031,273.88,mist
2019-01-10 09:16:47.084000,Hendon,1031,273.88,mist
2019-01-10 09:16:49.159000,Hendon,1031,273.88,mist
2019-01-10 09:16:51.233000,Hendon,1031,273.88,mist
2019-01-10 09:16:53.648000,Hendon,1031,273.88,mist
2019-01-10 09:16:55.845000,Hendon,1031,273.88,mist
2019-01-10 09:16:57.919000,Hendon,1031,273.88,mist
2019-01-10 09:16:59.987000,Hendon,1031,273.88,mist
2019-01-10 09:17:02.065000,Hendon,1031,273.88,mist
2019-01-10 09:17:04.131000,Hendon,1031,273.88,mist
2019-01-10 09:17:06.194000,Hendon,1031,273.88,mist
2019-01-10 09:17:08.272000,Hendon,1031,273.88,mist
2019-01-10 09:17:10.504000,Hendon,1031,273.88,mist
2019-01-10 09:17:12.666000,Hendon,1031,273.88,mist
2019-01-10 09:17:14.744000,Hendon,1031,273.88,mist
2019-01-10 09:17:16.814000,Hendon,1031,273.88,mist
2019-01-10 09:17:18.888000,Hendon,1031,273.88,mist
2019-01-10 09:17:20.965000,Hendon,1031,273.88,mist
2019-01-10 09:17:23.190000,Hendon,1031,273.88,mist
2019-01-10 09:17:25.370000,Hendon,1031,273.88,mist
2019-01-10 09:17:27.445000,Hendon,1031,273.88,mist
2019-01-10 09:17:29.519000,Hendon,1031,273.88,mist
2019-01-10 09:17:31.597000,Hendon,1031,273.88,mist
2019-01-10 09:17:33.681000,Hendon,1031,273.88,mist
2019-01-10 09:17:35.756000,Hendon,1031,273.88,mist
2019-01-10 09:17:37.863000,Hendon,1031,273.88,mist
2019-01-10 09:17:39.981000,Hendon,1031,273.88,mist
2019-01-10 09:17:42.054000,Hendon,1031,273.88,mist
2019-01-10 09:17:44.121000,Hendon,1031,273.88,mist
2019-01-10 09:17:46.188000,Hendon,1031,273.88,mist
2019-01-10 09:17:48.267000,Hendon,1031,273.88,mist
2019-01-10 09:17:50.642000,Hendon,1031,273.88,mist
2019-01-10 09:17:52.777000,Hendon,1031,273.88,mist
2019-01-10 09:17:54.872000,Hendon,1031,273.88,mist
2019-01-10 09:17:56.956000,Hendon,1031,273.88,mist
2019-01-10 09:17:59.038000,Hendon,1031,273.88,mist
2019-01-10 09:18:01.129000,Hendon,1031,273.88,mist
2019-01-10 09:18:03.216000,Hendon,1031,273.88,mist
2019-01-10 09:18:05.507000,Hendon,1031,273.88,mist
2019-01-10 09:18:07.648000,Hendon,1031,273.88,mist
2019-01-10 09:18:09.738000,Hendon,1031,273.88,mist
2019-01-10 09:18:11.829000,Hendon,1031,273.88,mist
2019-01-10 09:18:13.913000,Hendon,1031,273.88,mist
2019-01-10 09:18:15.992000,Hendon,1031,273.88,mist
2019-01-10 09:18:18.087000,Hendon,1031,273.88,mist
2019-01-10 09:18:20.362000,Hendon,1031,273.88,mist
2019-01-10 09:18:22.755000,Hendon,1031,273.88,mist
2019-01-10 09:18:24.834000,Hendon,1031,273.88,mist
2019-01-10 09:18:26.912000,Hendon,1031,273.88,mist
2019-01-10 09:18:28.996000,Hendon,1031,273.88,mist
2019-01-10 09:18:31.073000,Hendon,1031,273.88,mist
2019-01-10 09:18:33.146000,Hendon,1031,273.88,mist
2019-01-10 09:18:35.289000,Hendon,1031,273.88,mist
2019-01-10 09:18:37.467000,Hendon,1031,273.88,mist
2019-01-10 09:18:39.713000,Hendon,1031,273.88,mist
2019-01-10 09:18:41.791000,Hendon,1031,273.88,mist
2019-01-10 09:18:43.867000,Hendon,1031,273.88,mist
2019-01-10 09:18:45.947000,Hendon,1031,273.88,mist
2019-01-10 09:18:48.024000,Hendon,1031,273.88,mist
2019-01-10 09:18:50.115000,Hendon,1031,273.88,mist
2019-01-10 09:18:52.197000,Hendon,1031,273.88,mist
2019-01-10 09:18:54.272000,Hendon,1031,273.88,mist
2019-01-10 09:18:56.352000,Hendon,1031,273.88,mist
2019-01-10 09:19:01.432000,Hendon,1031,273.88,mist
2019-01-10 09:19:03.733000,Hendon,1031,273.88,mist
2019-01-10 09:19:05.907000,Hendon,1031,273.88,mist
2019-01-10 09:19:07.977000,Hendon,1031,273.88,mist
2019-01-10 09:19:10.047000,Hendon,1031,273.88,mist
2019-01-10 09:19:12.128000,Hendon,1031,273.88,mist
2019-01-10 09:19:14.206000,Hendon,1031,273.88,mist
2019-01-10 09:19:16.283000,Hendon,1031,273.88,mist
2019-01-10 09:19:18.584000,Hendon,1031,273.88,mist
2019-01-10 09:19:20.660000,Hendon,1031,273.88,mist
2019-01-10 09:19:22.736000,Hendon,1031,273.88,mist
2019-01-10 09:19:24.816000,Hendon,1031,273.88,mist
2019-01-10 09:19:26.890000,Hendon,1031,273.88,mist
2019-01-10 09:19:28.970000,Hendon,1031,273.88,mist
2019-01-10 09:19:31.190000,Hendon,1031,273.88,mist
2019-01-10 09:19:33.414000,Hendon,1031,273.88,mist
2019-01-10 09:19:35.509000,Hendon,1031,273.88,mist
2019-01-10 09:19:37.587000,Hendon,1031,273.88,mist
2019-01-10 09:19:39.675000,Hendon,1031,273.88,mist
2019-01-10 09:19:41.755000,Hendon,1031,273.88,mist
2019-01-10 09:19:43.820000,Hendon,1031,273.88,mist
2019-01-10 09:19:46.341000,Hendon,1031,273.88,mist
2019-01-10 09:19:48.529000,Hendon,1031,273.88,mist
2019-01-10 09:19:50.611000,Hendon,1031,273.88,mist
2019-01-10 09:19:52.701000,Hendon,1031,273.88,mist
2019-01-10 09:19:54.779000,Hendon,1031,273.88,mist
2019-01-10 09:19:56.857000,Hendon,1031,273.88,mist
2019-01-10 09:19:58.945000,Hendon,1031,273.88,mist
2019-01-10 09:20:01.262000,Hendon,1031,273.87,mist
2019-01-10 09:20:06.340000,Hendon,1031,273.87,mist
2019-01-10 09:20:08.415000,Hendon,1031,273.87,mist
2019-01-10 09:20:10.490000,Hendon,1031,273.87,mist
2019-01-10 09:20:12.567000,Hendon,1031,273.87,mist
2019-01-10 09:20:14.640000,Hendon,1031,273.87,mist
2019-01-10 09:20:16.775000,Hendon,1031,273.87,mist
2019-01-10 09:20:18.854000,Hendon,1031,273.87,mist
2019-01-10 09:20:20.943000,Hendon,1031,273.87,mist
2019-01-10 09:20:23.019000,Hendon,1031,273.87,mist
2019-01-10 09:20:25.090000,Hendon,1031,273.87,mist
2019-01-10 09:20:27.171000,Hendon,1031,273.87,mist
2019-01-10 09:20:29.245000,Hendon,1031,273.87,mist
2019-01-10 09:20:31.398000,Hendon,1031,273.87,mist
2019-01-10 09:20:33.475000,Hendon,1031,273.87,mist
2019-01-10 09:20:35.547000,Hendon,1031,273.87,mist
2019-01-10 09:20:37.624000,Hendon,1031,273.87,mist
2019-01-10 09:20:39.695000,Hendon,1031,273.87,mist
2019-01-10 09:20:41.774000,Hendon,1031,273.87,mist
2019-01-10 09:20:44.068000,Hendon,1031,273.87,mist
2019-01-10 09:20:46.249000,Hendon,1031,273.87,mist
2019-01-10 09:20:48.315000,Hendon,1031,273.87,mist
2019-01-10 09:20:50.387000,Hendon,1031,273.87,mist
2019-01-10 09:20:52.470000,Hendon,1031,273.87,mist
2019-01-10 09:20:54.546000,Hendon,1031,273.87,mist
2019-01-10 09:20:57.080000,Hendon,1031,273.87,mist
2019-01-10 09:20:59.290000,Hendon,1031,273.87,mist
2019-01-10 09:21:01.367000,Hendon,1031,273.87,mist
2019-01-10 09:21:03.446000,Hendon,1031,273.87,mist
2019-01-10 09:21:05.520000,Hendon,1031,273.87,mist
2019-01-10 09:21:07.612000,Hendon,1031,273.87,mist
2019-01-10 09:21:09.687000,Hendon,1031,273.87,mist
2019-01-10 09:21:11.970000,Hendon,1031,273.87,mist
2019-01-10 09:21:14.046000,Hendon,1031,273.87,mist
2019-01-10 09:21:16.118000,Hendon,1031,273.87,mist
2019-01-10 09:21:18.189000,Hendon,1031,273.87,mist
2019-01-10 09:21:20.258000,Hendon,1031,273.87,mist
2019-01-10 09:21:22.333000,Hendon,1031,273.87,mist
2019-01-10 09:21:24.418000,Hendon,1031,273.87,mist
2019-01-10 09:21:26.731000,Hendon,1031,273.87,mist
2019-01-10 09:21:28.885000,Hendon,1031,273.87,mist
2019-01-10 09:21:30.970000,Hendon,1031,273.87,mist
2019-01-10 09:21:33.043000,Hendon,1031,273.87,mist
2019-01-10 09:21:35.117000,Hendon,1031,273.87,mist
2019-01-10 09:21:37.191000,Hendon,1031,273.87,mist
2019-01-10 09:21:39.262000,Hendon,1031,273.87,mist
2019-01-10 09:21:41.556000,Hendon,1031,273.87,mist
2019-01-10 09:21:43.636000,Hendon,1031,273.87,mist
2019-01-10 09:21:45.701000,Hendon,1031,273.87,mist
2019-01-10 09:21:47.764000,Hendon,1031,273.87,mist
2019-01-10 09:21:49.827000,Hendon,1031,273.87,mist
2019-01-10 09:21:51.905000,Hendon,1031,273.87,mist
2019-01-10 09:21:54.142000,Hendon,1031,273.87,mist
2019-01-10 09:21:56.287000,Hendon,1031,273.87,mist
2019-01-10 09:21:58.403000,Hendon,1031,273.87,mist
2019-01-10 09:22:00.478000,Hendon,1031,273.87,mist
2019-01-10 09:22:02.557000,Hendon,1031,273.87,mist
2019-01-10 09:22:04.637000,Hendon,1031,273.87,mist
2019-01-10 09:22:06.714000,Hendon,1031,273.87,mist
2019-01-10 09:22:08.788000,Hendon,1031,273.87,mist
2019-01-10 09:22:10.956000,Hendon,1031,273.87,mist
2019-01-10 09:22:13.037000,Hendon,1031,273.87,mist
2019-01-10 09:22:15.119000,Hendon,1031,273.87,mist
2019-01-10 09:22:17.194000,Hendon,1031,273.87,mist
2019-01-10 09:22:19.269000,Hendon,1031,273.87,mist
2019-01-10 09:22:21.345000,Hendon,1031,273.87,mist
2019-01-10 09:22:23.627000,Hendon,1031,273.87,mist
2019-01-10 09:22:25.806000,Hendon,1031,273.87,mist
2019-01-10 09:22:27.879000,Hendon,1031,273.87,mist
2019-01-10 09:22:29.962000,Hendon,1031,273.87,mist
2019-01-10 09:22:32.077000,Hendon,1031,273.87,mist
2019-01-10 09:22:34.153000,Hendon,1031,273.87,mist
2019-01-10 09:22:36.233000,Hendon,1031,273.87,mist
2019-01-10 09:22:38.423000,Hendon,1031,273.87,mist
2019-01-10 09:22:40.490000,Hendon,1031,273.87,mist
2019-01-10 09:22:42.571000,Hendon,1031,273.87,mist
2019-01-10 09:22:44.642000,Hendon,1031,273.87,mist
2019-01-10 09:22:46.727000,Hendon,1031,273.87,mist
2019-01-10 09:22:48.803000,Hendon,1031,273.87,mist
2019-01-10 09:22:50.993000,Hendon,1031,273.87,mist
2019-01-10 09:22:53.245000,Hendon,1031,273.87,mist
2019-01-10 09:22:55.322000,Hendon,1031,273.87,mist
2019-01-10 09:22:57.403000,Hendon,1031,273.87,mist
2019-01-10 09:22:59.488000,Hendon,1031,273.87,mist
2019-01-10 09:23:01.566000,Hendon,1031,273.87,mist
2019-01-10 09:23:03.645000,Hendon,1031,273.87,mist
2019-01-10 09:23:05.956000,Hendon,1031,273.87,mist
2019-01-10 09:23:08.091000,Hendon,1031,273.87,mist
2019-01-10 09:23:10.180000,Hendon,1031,273.87,mist
2019-01-10 09:23:12.260000,Hendon,1031,273.87,mist
2019-01-10 09:23:14.333000,Hendon,1031,273.87,mist
2019-01-10 09:23:16.410000,Hendon,1031,273.87,mist
2019-01-10 09:23:18.487000,Hendon,1031,273.87,mist
2019-01-10 09:23:20.777000,Hendon,1031,273.87,mist
2019-01-10 09:23:22.950000,Hendon,1031,273.87,mist
2019-01-10 09:23:25.031000,Hendon,1031,273.87,mist
2019-01-10 09:23:27.109000,Hendon,1031,273.87,mist
2019-01-10 09:23:29.190000,Hendon,1031,273.87,mist
2019-01-10 09:23:31.269000,Hendon,1031,273.87,mist
2019-01-10 09:23:33.352000,Hendon,1031,273.87,mist
2019-01-10 09:23:35.511000,Hendon,1031,273.87,mist
2019-01-10 09:23:37.684000,Hendon,1031,273.87,mist
2019-01-10 09:23:39.761000,Hendon,1031,273.87,mist
2019-01-10 09:23:41.866000,Hendon,1031,273.87,mist
2019-01-10 09:23:43.933000,Hendon,1031,273.87,mist
2019-01-10 09:23:46.017000,Hendon,1031,273.87,mist
2019-01-10 09:23:48.348000,Hendon,1031,273.87,mist
2019-01-10 09:23:50.469000,Hendon,1031,273.87,mist
2019-01-10 09:23:52.542000,Hendon,1031,273.87,mist
2019-01-10 09:23:54.624000,Hendon,1031,273.87,mist
2019-01-10 09:23:56.690000,Hendon,1031,273.87,mist
2019-01-10 09:23:58.766000,Hendon,1031,273.87,mist
2019-01-10 09:24:00.841000,Hendon,1031,273.87,mist
2019-01-10 09:24:02.972000,Hendon,1031,273.87,mist
2019-01-10 09:24:05.134000,Hendon,1031,273.87,mist
2019-01-10 09:24:07.213000,Hendon,1031,273.87,mist
2019-01-10 09:53:03.140000,Hendon,1031,273.87,mist
2019-01-10 09:53:05.230000,Hendon,1031,273.87,mist
2019-01-10 09:53:07.310000,Hendon,1031,273.87,mist
2019-01-10 09:53:13.861000,Hendon,1031,273.87,mist
2019-01-10 09:53:16.016000,Hendon,1031,273.87,mist
2019-01-10 09:53:18.091000,Hendon,1031,273.87,mist
2019-01-10 09:53:20.183000,Hendon,1031,273.87,mist
2019-01-10 09:53:22.259000,Hendon,1031,273.87,mist
2019-01-10 09:53:24.337000,Hendon,1031,273.87,mist
2019-01-10 09:53:26.413000,Hendon,1031,273.87,mist
2019-01-10 09:53:28.720000,Hendon,1031,273.87,mist
2019-01-10 09:53:31.026000,Hendon,1031,273.87,mist
2019-01-10 09:53:33.104000,Hendon,1031,273.87,mist
2019-01-10 09:53:35.183000,Hendon,1031,273.87,mist
2019-01-10 09:53:37.257000,Hendon,1031,273.87,mist
2019-01-10 09:53:39.336000,Hendon,1031,273.87,mist
2019-01-10 09:53:41.591000,Hendon,1031,273.87,mist
2019-01-10 09:53:43.804000,Hendon,1031,273.87,mist
2019-01-10 09:53:46.046000,Hendon,1031,273.87,mist
2019-01-10 09:53:48.137000,Hendon,1031,273.87,mist
2019-01-10 09:53:50.217000,Hendon,1031,273.87,mist
2019-01-10 09:53:52.309000,Hendon,1031,273.87,mist
2019-01-10 09:53:54.387000,Hendon,1031,273.87,mist
2019-01-10 09:53:56.687000,Hendon,1031,273.87,mist
2019-01-10 09:53:58.840000,Hendon,1031,273.87,mist
2019-01-10 09:54:00.916000,Hendon,1031,273.87,mist
2019-01-10 09:54:03.001000,Hendon,1031,273.87,mist
2019-01-10 09:54:05.073000,Hendon,1031,273.87,mist
2019-01-10 09:54:07.160000,Hendon,1031,273.87,mist
2019-01-10 09:54:09.234000,Hendon,1031,273.87,mist
2019-01-10 09:54:11.408000,Hendon,1031,273.87,mist
2019-01-10 09:54:13.574000,Hendon,1031,273.87,mist
2019-01-10 09:54:15.653000,Hendon,1031,273.87,mist
2019-01-10 09:54:17.728000,Hendon,1031,273.87,mist
2019-01-10 09:54:19.808000,Hendon,1031,273.87,mist
2019-01-10 09:54:21.891000,Hendon,1031,273.87,mist
2019-01-10 09:54:23.992000,Hendon,1031,273.87,mist
2019-01-10 09:54:26.294000,Hendon,1031,273.87,mist
2019-01-10 09:54:28.427000,Hendon,1031,273.87,mist
2019-01-10 09:54:30.507000,Hendon,1031,273.87,mist
2019-01-10 09:54:32.598000,Hendon,1031,273.87,mist
2019-01-10 09:54:34.677000,Hendon,1031,273.87,mist
2019-01-10 09:54:36.758000,Hendon,1031,273.87,mist
2019-01-10 09:54:39.143000,Hendon,1031,273.87,mist
2019-01-10 09:54:41.439000,Hendon,1031,273.87,mist
2019-01-10 09:54:43.519000,Hendon,1031,273.87,mist
2019-01-10 09:54:45.595000,Hendon,1031,273.87,mist
2019-01-10 09:54:47.673000,Hendon,1031,273.87,mist
2019-01-10 09:54:49.757000,Hendon,1031,273.87,mist
2019-01-10 09:54:51.838000,Hendon,1031,273.87,mist
2019-01-10 09:54:54.027000,Hendon,1031,273.87,mist
2019-01-10 09:54:56.160000,Hendon,1031,273.87,mist
2019-01-10 09:55:15.754000,Hendon,1031,273.87,mist
2019-01-10 09:55:17.841000,Hendon,1031,273.87,mist
2019-01-10 09:55:19.931000,Hendon,1031,273.87,mist
2019-01-10 09:55:22.326000,Hendon,1031,273.87,mist
2019-01-10 09:55:24.619000,Hendon,1031,273.87,mist
2019-01-10 09:55:26.695000,Hendon,1031,273.87,mist
2019-01-10 09:55:28.770000,Hendon,1031,273.87,mist
2019-01-10 09:55:30.858000,Hendon,1031,273.87,mist
2019-01-10 09:55:32.950000,Hendon,1031,273.87,mist
2019-01-10 09:55:35.029000,Hendon,1031,273.87,mist
2019-01-10 09:55:37.329000,Hendon,1031,273.87,mist
2019-01-10 09:55:39.487000,Hendon,1031,273.87,mist
2019-01-10 09:55:41.562000,Hendon,1031,273.87,mist
2019-01-10 09:55:43.640000,Hendon,1031,273.87,mist
2019-01-10 09:55:45.714000,Hendon,1031,273.87,mist
2019-01-10 09:55:47.803000,Hendon,1031,273.87,mist
2019-01-10 09:55:49.881000,Hendon,1031,273.87,mist
2019-01-10 09:55:52.168000,Hendon,1031,273.87,mist
2019-01-10 09:55:54.361000,Hendon,1031,273.87,mist
2019-01-10 09:55:56.449000,Hendon,1031,273.87,mist
2019-01-10 09:55:58.864000,Hendon,1031,273.87,mist
2019-01-10 09:56:00.940000,Hendon,1031,273.87,mist
2019-01-10 09:56:03.013000,Hendon,1031,273.87,mist
2019-01-10 09:56:05.099000,Hendon,1031,273.87,mist
2019-01-10 09:56:07.263000,Hendon,1031,273.87,mist
2019-01-10 09:56:09.344000,Hendon,1031,273.87,mist
2019-01-10 09:56:11.426000,Hendon,1031,273.87,mist
2019-01-10 09:56:13.504000,Hendon,1031,273.87,mist
2019-01-10 09:56:15.584000,Hendon,1031,273.87,mist
2019-01-10 09:56:17.669000,Hendon,1031,273.87,mist
2019-01-10 09:56:19.754000,Hendon,1031,273.87,mist
2019-01-10 09:56:21.870000,Hendon,1031,273.87,mist
2019-01-10 09:56:23.947000,Hendon,1031,273.87,mist
2019-01-10 09:56:26.030000,Hendon,1031,273.87,mist
2019-01-10 09:56:28.109000,Hendon,1031,273.87,mist
2019-01-10 09:56:30.187000,Hendon,1031,273.87,mist
2019-01-10 09:56:32.281000,Hendon,1031,273.87,mist
2019-01-10 09:56:34.594000,Hendon,1031,273.87,mist
2019-01-10 09:56:36.726000,Hendon,1031,273.87,mist
2019-01-10 09:56:38.801000,Hendon,1031,273.87,mist
2019-01-10 09:56:40.870000,Hendon,1031,273.87,mist
2019-01-10 09:56:42.944000,Hendon,1031,273.87,mist
2019-01-10 09:56:45.019000,Hendon,1031,273.87,mist
2019-01-10 09:56:47.097000,Hendon,1031,273.87,mist
2019-01-10 09:56:49.171000,Hendon,1031,273.87,mist
2019-01-10 09:56:51.252000,Hendon,1031,273.87,mist
2019-01-10 09:56:53.323000,Hendon,1031,273.87,mist
2019-01-10 09:56:55.465000,Hendon,1031,273.87,mist
2019-01-10 09:56:57.546000,Hendon,1031,273.87,mist
2019-01-10 09:56:59.613000,Hendon,1031,273.87,mist
2019-01-10 09:57:01.680000,Hendon,1031,273.87,mist
2019-01-10 09:57:03.903000,Hendon,1031,273.87,mist
2019-01-10 09:57:06.026000,Hendon,1031,273.87,mist
2019-01-10 09:57:08.116000,Hendon,1031,273.87,mist
2019-01-10 09:57:10.186000,Hendon,1031,273.87,mist
2019-01-10 09:57:12.261000,Hendon,1031,273.87,mist
2019-01-10 09:57:14.336000,Hendon,1031,273.87,mist
2019-01-10 09:57:16.420000,Hendon,1031,273.87,mist
2019-01-10 09:57:18.701000,Hendon,1031,273.87,mist
2019-01-10 09:57:20.891000,Hendon,1031,273.87,mist
2019-01-10 09:57:22.973000,Hendon,1031,273.87,mist
2019-01-10 09:57:25.052000,Hendon,1031,273.87,mist
2019-01-10 09:58:34.996000,Hendon,1031,273.87,mist
2019-01-10 09:58:37.060000,Hendon,1031,273.87,mist
2019-01-10 09:58:39.131000,Hendon,1031,273.87,mist
2019-01-10 09:58:41.207000,Hendon,1031,273.87,mist
2019-01-10 09:58:43.684000,Hendon,1031,273.87,mist
2019-01-10 09:58:45.764000,Hendon,1031,273.87,mist
2019-01-10 09:58:47.850000,Hendon,1031,273.87,mist
2019-01-10 09:58:49.930000,Hendon,1031,273.87,mist
2019-01-10 09:59:00.645000,Hendon,1031,273.87,mist
2019-01-10 09:59:02.721000,Hendon,1031,273.87,mist
2019-01-10 09:59:04.795000,Hendon,1031,273.87,mist
2019-01-10 09:59:06.889000,Hendon,1031,273.87,mist
2019-01-10 09:59:08.974000,Hendon,1031,273.87,mist
2019-01-10 09:59:11.054000,Hendon,1031,273.87,mist
2019-01-10 09:59:13.366000,Hendon,1031,273.87,mist
2019-01-10 09:59:15.545000,Hendon,1031,273.87,mist
2019-01-10 09:59:17.626000,Hendon,1031,273.87,mist
2019-01-10 10:10:18.864000,Hendon,1031,274.56,haze
2019-01-10 10:10:20.933000,Hendon,1031,274.56,haze
2019-01-10 10:10:23.014000,Hendon,1031,274.56,haze
2019-01-10 10:10:25.089000,Hendon,1031,274.56,haze
2019-01-10 10:10:27.173000,Hendon,1031,274.56,haze
2019-01-10 10:10:29.401000,Hendon,1031,274.56,haze
2019-01-10 10:10:31.530000,Hendon,1031,274.56,haze
2019-01-10 10:10:33.611000,Hendon,1031,274.56,haze
2019-01-10 10:19:06.855000,Hendon,1031,274.56,haze
2019-01-10 10:19:09.158000,Hendon,1031,274.56,haze
2019-01-10 10:19:11.323000,Hendon,1031,274.56,haze
2019-01-10 10:19:13.404000,Hendon,1031,274.56,haze
2019-01-10 10:19:15.481000,Hendon,1031,274.56,haze
2019-01-10 10:19:17.560000,Hendon,1031,274.56,haze
2019-01-10 10:19:19.726000,Hendon,1031,274.56,haze
2019-01-10 10:19:21.803000,Hendon,1031,274.56,haze
2019-01-10 10:19:23.924000,Hendon,1031,274.56,haze
2019-01-10 10:19:26.070000,Hendon,1031,274.56,haze
2019-01-10 10:19:32.430000,Hendon,1031,274.56,haze
2019-01-10 10:19:34.508000,Hendon,1031,274.56,haze
2019-01-10 10:19:36.910000,Hendon,1031,274.56,haze
2019-01-10 10:19:42.121000,Hendon,1031,274.56,haze
2019-01-10 10:19:44.192000,Hendon,1031,274.56,haze
2019-01-10 10:19:46.281000,Hendon,1031,274.56,haze
2019-01-10 10:19:48.362000,Hendon,1031,274.56,haze
2019-01-10 10:19:50.444000,Hendon,1031,274.56,haze
2019-01-10 10:19:52.523000,Hendon,1031,274.56,haze
2019-01-10 10:19:54.924000,Hendon,1031,274.56,haze
2019-01-10 10:19:57.031000,Hendon,1031,274.56,haze
2019-01-10 10:19:59.113000,Hendon,1031,274.56,haze
2019-01-10 10:20:01.192000,Hendon,1031,274.56,haze
2019-01-10 10:20:03.277000,Hendon,1031,274.56,haze
2019-01-10 10:20:05.623000,Hendon,1031,274.56,haze
2019-01-10 10:20:07.878000,Hendon,1031,274.56,haze
2019-01-10 10:20:09.960000,Hendon,1031,274.56,haze
2019-01-10 10:20:12.046000,Hendon,1031,274.56,haze
2019-01-10 10:20:14.135000,Hendon,1031,274.56,haze
2019-01-10 10:20:16.230000,Hendon,1031,274.56,haze
2019-01-10 10:20:18.320000,Hendon,1031,274.56,haze
2019-01-10 10:20:20.673000,Hendon,1031,274.56,haze
2019-01-10 10:20:22.830000,Hendon,1031,274.56,haze
2019-01-10 10:20:24.910000,Hendon,1031,274.56,haze
2019-01-10 10:20:26.986000,Hendon,1031,274.56,haze
2019-01-10 10:20:29.064000,Hendon,1031,274.56,haze
2019-01-10 10:20:31.139000,Hendon,1031,274.56,haze
2019-01-10 10:20:33.220000,Hendon,1031,274.56,haze
2019-01-10 10:20:35.487000,Hendon,1031,274.56,haze
2019-01-10 10:20:37.668000,Hendon,1031,274.56,haze
2019-01-10 10:20:39.748000,Hendon,1031,274.56,haze
2019-01-10 10:20:41.835000,Hendon,1031,274.56,haze
2019-01-10 10:20:43.943000,Hendon,1031,274.56,haze
2019-01-10 10:20:46.023000,Hendon,1031,274.56,haze
2019-01-10 10:20:51.222000,Hendon,1031,274.56,haze
2019-01-10 10:20:53.300000,Hendon,1031,274.56,haze
2019-01-10 10:20:55.380000,Hendon,1031,274.56,haze
2019-01-10 10:20:57.544000,Hendon,1031,274.56,haze
2019-01-10 10:20:59.620000,Hendon,1031,274.56,haze
2019-01-10 10:21:01.698000,Hendon,1031,274.56,haze
2019-01-10 10:21:03.774000,Hendon,1031,274.56,haze
2019-01-10 10:21:05.916000,Hendon,1031,274.56,haze
2019-01-10 10:21:07.997000,Hendon,1031,274.56,haze
2019-01-10 10:21:10.078000,Hendon,1031,274.56,haze
2019-01-10 10:21:12.160000,Hendon,1031,274.56,haze
2019-01-10 10:21:14.243000,Hendon,1031,274.56,haze
2019-01-10 10:21:16.323000,Hendon,1031,274.56,haze
2019-01-10 10:21:18.770000,Hendon,1031,274.56,haze
2019-01-10 10:21:20.951000,Hendon,1031,274.56,haze
2019-01-10 10:21:23.037000,Hendon,1031,274.56,haze
2019-01-10 10:21:25.122000,Hendon,1031,274.56,haze
2019-01-10 10:21:27.199000,Hendon,1031,274.56,haze
2019-01-10 10:21:29.280000,Hendon,1031,274.56,haze
2019-01-10 10:21:31.367000,Hendon,1031,274.56,haze
2019-01-10 10:21:33.564000,Hendon,1031,274.56,haze
2019-01-10 10:21:35.696000,Hendon,1031,274.56,haze
2019-01-10 10:21:37.781000,Hendon,1031,274.56,haze
2019-01-10 10:21:39.858000,Hendon,1031,274.56,haze
2019-01-10 10:21:41.939000,Hendon,1031,274.56,haze
2019-01-10 10:22:22.863000,Hendon,1031,274.56,haze
2019-01-10 10:22:24.937000,Hendon,1031,274.56,haze
2019-01-10 10:22:27.051000,Hendon,1031,274.56,haze
2019-01-10 10:22:29.143000,Hendon,1031,274.56,haze
2019-01-10 10:22:31.223000,Hendon,1031,274.56,haze
2019-01-10 10:22:33.394000,Hendon,1031,274.56,haze
2019-01-10 10:22:38.159000,Hendon,1031,274.56,haze
2019-01-10 10:22:40.226000,Hendon,1031,274.56,haze
2019-01-10 10:22:42.302000,Hendon,1031,274.56,haze
2019-01-10 10:22:44.514000,Hendon,1031,274.56,haze
2019-01-10 10:22:46.679000,Hendon,1031,274.56,haze
2019-01-10 10:22:48.758000,Hendon,1031,274.56,haze
2019-01-10 10:22:50.842000,Hendon,1031,274.56,haze
2019-01-10 10:22:52.929000,Hendon,1031,274.56,haze
2019-01-10 10:22:55.013000,Hendon,1031,274.56,haze
2019-01-10 10:22:57.099000,Hendon,1031,274.56,haze
2019-01-10 10:22:59.189000,Hendon,1031,274.56,haze
2019-01-10 10:23:01.327000,Hendon,1031,274.56,haze
2019-01-10 10:23:03.411000,Hendon,1031,274.56,haze
2019-01-10 10:23:05.490000,Hendon,1031,274.56,haze
2019-01-10 10:23:07.570000,Hendon,1031,274.56,haze
2019-01-10 10:23:09.659000,Hendon,1031,274.56,haze
2019-01-10 10:23:11.736000,Hendon,1031,274.56,haze
2019-01-10 10:23:13.828000,Hendon,1031,274.56,haze
2019-01-10 10:23:15.960000,Hendon,1031,274.56,haze
2019-01-10 10:23:18.034000,Hendon,1031,274.56,haze
2019-01-10 10:23:20.113000,Hendon,1031,274.56,haze
2019-01-10 10:23:22.202000,Hendon,1031,274.56,haze
2019-01-10 10:23:24.288000,Hendon,1031,274.56,haze
2019-01-10 10:23:26.363000,Hendon,1031,274.56,haze
2019-01-10 10:23:28.652000,Hendon,1031,274.56,haze
2019-01-10 10:23:30.820000,Hendon,1031,274.56,haze
2019-01-10 10:23:32.900000,Hendon,1031,274.56,haze
2019-01-10 10:23:34.977000,Hendon,1031,274.56,haze
2019-01-10 10:23:37.058000,Hendon,1031,274.56,haze
2019-01-10 10:23:39.138000,Hendon,1031,274.56,haze
2019-01-10 10:23:44.795000,Hendon,1031,274.56,haze
2019-01-10 10:23:46.874000,Hendon,1031,274.56,haze
2019-01-10 10:23:48.961000,Hendon,1031,274.56,haze
2019-01-10 10:23:51.044000,Hendon,1031,274.56,haze
2019-01-10 10:23:53.137000,Hendon,1031,274.56,haze
2019-01-10 10:23:55.224000,Hendon,1031,274.56,haze
2019-01-10 10:23:57.334000,Hendon,1031,274.56,haze
2019-01-10 10:23:59.521000,Hendon,1031,274.56,haze
2019-01-10 10:24:01.601000,Hendon,1031,274.56,haze
2019-01-10 10:24:03.683000,Hendon,1031,274.56,haze
2019-01-10 10:24:05.760000,Hendon,1031,274.56,haze
2019-01-10 10:24:07.829000,Hendon,1031,274.56,haze
2019-01-10 10:24:09.920000,Hendon,1031,274.56,haze
2019-01-10 10:24:12.180000,Hendon,1031,274.56,haze
2019-01-10 10:24:14.364000,Hendon,1031,274.56,haze
2019-01-10 10:24:16.438000,Hendon,1031,274.56,haze
2019-01-10 10:24:18.510000,Hendon,1031,274.56,haze
2019-01-10 10:24:20.642000,Hendon,1031,274.56,haze
2019-01-10 10:24:22.723000,Hendon,1031,274.56,haze
2019-01-10 10:24:29.557000,Hendon,1031,274.56,haze
2019-01-10 10:24:31.624000,Hendon,1031,274.56,haze
2019-01-10 10:24:33.711000,Hendon,1031,274.56,haze
2019-01-10 10:24:35.785000,Hendon,1031,274.56,haze
2019-01-10 10:24:37.860000,Hendon,1031,274.56,haze
2019-01-10 10:24:40.045000,Hendon,1031,274.56,haze
2019-01-10 10:25:38.012000,Hendon,1031,274.56,haze
2019-01-10 10:25:40.158000,Hendon,1031,274.56,haze
2019-01-10 10:25:42.239000,Hendon,1031,274.56,haze
2019-01-10 10:25:44.323000,Hendon,1031,274.56,haze
2019-01-10 10:25:46.437000,Hendon,1031,274.56,haze
2019-01-10 10:25:48.541000,Hendon,1031,274.56,haze
2019-01-10 10:25:50.818000,Hendon,1031,274.56,haze
2019-01-10 10:25:52.957000,Hendon,1031,274.56,haze
2019-01-10 10:25:55.128000,Hendon,1031,274.56,haze
2019-01-10 10:25:57.212000,Hendon,1031,274.56,haze
2019-01-10 10:25:59.325000,Hendon,1031,274.56,haze
2019-01-10 10:26:05.036000,Hendon,1031,274.56,haze
2019-01-10 10:26:07.104000,Hendon,1031,274.56,haze
2019-01-10 10:26:09.256000,Hendon,1031,274.56,haze
2019-01-10 10:26:11.348000,Hendon,1031,274.56,haze
2019-01-10 10:26:13.449000,Hendon,1031,274.56,haze
2019-01-10 10:26:15.526000,Hendon,1031,274.56,haze
2019-01-10 10:26:17.601000,Hendon,1031,274.56,haze
2019-01-10 10:26:19.682000,Hendon,1031,274.56,haze
2019-01-10 10:26:21.942000,Hendon,1031,274.56,haze
2019-01-10 10:26:24.093000,Hendon,1031,274.56,haze
2019-01-10 10:26:26.179000,Hendon,1031,274.56,haze
2019-01-10 10:26:28.253000,Hendon,1031,274.56,haze
2019-01-10 10:26:30.336000,Hendon,1031,274.56,haze
2019-01-10 10:26:32.410000,Hendon,1031,274.56,haze
2019-01-10 10:26:34.494000,Hendon,1031,274.56,haze
2019-01-10 10:26:36.577000,Hendon,1031,274.56,haze
2019-01-10 10:26:38.742000,Hendon,1031,274.56,haze
2019-01-10 10:26:40.818000,Hendon,1031,274.56,haze
2019-01-10 10:35:39.499000,Hendon,1031,274.87,haze
2019-01-10 10:35:41.877000,Hendon,1031,274.87,haze
2019-01-10 10:35:44.023000,Hendon,1031,274.87,haze
2019-01-10 10:36:16.273000,Hendon,1031,274.87,haze
2019-01-10 10:36:18.348000,Hendon,1031,274.87,haze
2019-01-10 10:38:08.260000,Hendon,1031,274.87,haze
2019-01-10 10:38:10.323000,Hendon,1031,274.87,haze
2019-01-10 10:38:12.403000,Hendon,1031,274.87,haze
2019-01-10 10:41:37.537000,Hendon,1031,274.87,haze
2019-01-10 10:41:39.614000,Hendon,1031,274.87,haze
2019-01-10 10:46:16.519000,Hendon,1031,274.87,haze
2019-01-10 10:46:18.718000,Hendon,1031,274.87,haze
2019-01-10 10:46:20.790000,Hendon,1031,274.87,haze
2019-01-10 10:46:22.873000,Hendon,1031,274.87,haze
2019-01-10 10:46:24.950000,Hendon,1031,274.87,haze
2019-01-10 10:46:27.031000,Hendon,1031,274.87,haze
2019-01-10 10:46:29.386000,Hendon,1031,274.87,haze
2019-01-10 10:46:31.624000,Hendon,1031,274.87,haze
